theta0,theta1,theta2,is_valid
-35,-35,-35,True
-35,-35,-30,True
-35,-35,-25,False
-35,-35,-20,False
-35,-35,-15,False
-35,-35,-10,False
-35,-35,-5,False
-35,-35,0,False
-35,-35,5,False
-35,-35,10,False
-35,-35,15,False
-35,-35,20,False
-35,-35,25,False
-35,-35,30,False
-35,-35,35,False
-35,-30,-35,True
-35,-30,-30,True
-35,-30,-25,False
-35,-30,-20,False
-35,-30,-15,False
-35,-30,-10,False
-35,-30,-5,False
-35,-30,0,False
-35,-30,5,False
-35,-30,10,False
-35,-30,15,False
-35,-30,20,False
-35,-30,25,False
-35,-30,30,False
-35,-30,35,False
-35,-25,-35,False
-35,-25,-30,False
-35,-25,-25,False
-35,-25,-20,False
-35,-25,-15,False
-35,-25,-10,False
-35,-25,-5,False
-35,-25,0,False
-35,-25,5,False
-35,-25,10,False
-35,-25,15,False
-35,-25,20,False
-35,-25,25,False
-35,-25,30,False
-35,-25,35,False
-35,-20,-35,False
-35,-20,-30,False
-35,-20,-25,False
-35,-20,-20,False
-35,-20,-15,False
-35,-20,-10,False
-35,-20,-5,False
-35,-20,0,False
-35,-20,5,False
-35,-20,10,False
-35,-20,15,False
-35,-20,20,False
-35,-20,25,False
-35,-20,30,False
-35,-20,35,False
-35,-15,-35,False
-35,-15,-30,False
-35,-15,-25,False
-35,-15,-20,False
-35,-15,-15,False
-35,-15,-10,False
-35,-15,-5,False
-35,-15,0,False
-35,-15,5,False
-35,-15,10,False
-35,-15,15,False
-35,-15,20,False
-35,-15,25,False
-35,-15,30,False
-35,-15,35,False
-35,-10,-35,False
-35,-10,-30,False
-35,-10,-25,False
-35,-10,-20,False
-35,-10,-15,False
-35,-10,-10,False
-35,-10,-5,False
-35,-10,0,False
-35,-10,5,False
-35,-10,10,False
-35,-10,15,False
-35,-10,20,False
-35,-10,25,False
-35,-10,30,False
-35,-10,35,False
-35,-5,-35,False
-35,-5,-30,False
-35,-5,-25,False
-35,-5,-20,False
-35,-5,-15,False
-35,-5,-10,False
-35,-5,-5,False
-35,-5,0,False
-35,-5,5,False
-35,-5,10,False
-35,-5,15,False
-35,-5,20,False
-35,-5,25,False
-35,-5,30,False
-35,-5,35,False
-35,0,-35,False
-35,0,-30,False
-35,0,-25,False
-35,0,-20,False
-35,0,-15,False
-35,0,-10,False
-35,0,-5,False
-35,0,0,False
-35,0,5,False
-35,0,10,False
-35,0,15,False
-35,0,20,False
-35,0,25,False
-35,0,30,False
-35,0,35,False
-35,5,-35,False
-35,5,-30,False
-35,5,-25,False
-35,5,-20,False
-35,5,-15,False
-35,5,-10,False
-35,5,-5,False
-35,5,0,False
-35,5,5,False
-35,5,10,False
-35,5,15,False
-35,5,20,False
-35,5,25,False
-35,5,30,False
-35,5,35,False
-35,10,-35,False
-35,10,-30,False
-35,10,-25,False
-35,10,-20,False
-35,10,-15,False
-35,10,-10,False
-35,10,-5,False
-35,10,0,False
-35,10,5,False
-35,10,10,False
-35,10,15,False
-35,10,20,False
-35,10,25,False
-35,10,30,False
-35,10,35,False
-35,15,-35,False
-35,15,-30,False
-35,15,-25,False
-35,15,-20,False
-35,15,-15,False
-35,15,-10,False
-35,15,-5,False
-35,15,0,False
-35,15,5,False
-35,15,10,False
-35,15,15,False
-35,15,20,False
-35,15,25,False
-35,15,30,False
-35,15,35,False
-35,20,-35,False
-35,20,-30,False
-35,20,-25,False
-35,20,-20,False
-35,20,-15,False
-35,20,-10,False
-35,20,-5,False
-35,20,0,False
-35,20,5,False
-35,20,10,False
-35,20,15,False
-35,20,20,False
-35,20,25,False
-35,20,30,False
-35,20,35,False
-35,25,-35,False
-35,25,-30,False
-35,25,-25,False
-35,25,-20,False
-35,25,-15,False
-35,25,-10,False
-35,25,-5,False
-35,25,0,False
-35,25,5,False
-35,25,10,False
-35,25,15,False
-35,25,20,False
-35,25,25,False
-35,25,30,False
-35,25,35,False
-35,30,-35,False
-35,30,-30,False
-35,30,-25,False
-35,30,-20,False
-35,30,-15,False
-35,30,-10,False
-35,30,-5,False
-35,30,0,False
-35,30,5,False
-35,30,10,False
-35,30,15,False
-35,30,20,False
-35,30,25,False
-35,30,30,False
-35,30,35,False
-35,35,-35,False
-35,35,-30,False
-35,35,-25,False
-35,35,-20,False
-35,35,-15,False
-35,35,-10,False
-35,35,-5,False
-35,35,0,False
-35,35,5,False
-35,35,10,False
-35,35,15,False
-35,35,20,False
-35,35,25,False
-35,35,30,False
-35,35,35,False
-30,-35,-35,True
-30,-35,-30,True
-30,-35,-25,True
-30,-35,-20,False
-30,-35,-15,False
-30,-35,-10,False
-30,-35,-5,False
-30,-35,0,False
-30,-35,5,False
-30,-35,10,False
-30,-35,15,False
-30,-35,20,False
-30,-35,25,False
-30,-35,30,False
-30,-35,35,False
-30,-30,-35,True
-30,-30,-30,True
-30,-30,-25,True
-30,-30,-20,True
-30,-30,-15,True
-30,-30,-10,True
-30,-30,-5,True
-30,-30,0,True
-30,-30,5,True
-30,-30,10,False
-30,-30,15,False
-30,-30,20,False
-30,-30,25,False
-30,-30,30,False
-30,-30,35,False
-30,-25,-35,False
-30,-25,-30,True
-30,-25,-25,True
-30,-25,-20,True
-30,-25,-15,True
-30,-25,-10,True
-30,-25,-5,True
-30,-25,0,True
-30,-25,5,True
-30,-25,10,True
-30,-25,15,False
-30,-25,20,False
-30,-25,25,False
-30,-25,30,False
-30,-25,35,False
-30,-20,-35,False
-30,-20,-30,True
-30,-20,-25,True
-30,-20,-20,True
-30,-20,-15,True
-30,-20,-10,True
-30,-20,-5,True
-30,-20,0,True
-30,-20,5,True
-30,-20,10,True
-30,-20,15,False
-30,-20,20,False
-30,-20,25,False
-30,-20,30,False
-30,-20,35,False
-30,-15,-35,False
-30,-15,-30,True
-30,-15,-25,True
-30,-15,-20,True
-30,-15,-15,True
-30,-15,-10,True
-30,-15,-5,True
-30,-15,0,True
-30,-15,5,True
-30,-15,10,True
-30,-15,15,True
-30,-15,20,False
-30,-15,25,False
-30,-15,30,False
-30,-15,35,False
-30,-10,-35,False
-30,-10,-30,False
-30,-10,-25,False
-30,-10,-20,False
-30,-10,-15,False
-30,-10,-10,False
-30,-10,-5,False
-30,-10,0,False
-30,-10,5,False
-30,-10,10,True
-30,-10,15,True
-30,-10,20,True
-30,-10,25,False
-30,-10,30,False
-30,-10,35,False
-30,-5,-35,False
-30,-5,-30,False
-30,-5,-25,False
-30,-5,-20,False
-30,-5,-15,False
-30,-5,-10,False
-30,-5,-5,False
-30,-5,0,False
-30,-5,5,False
-30,-5,10,False
-30,-5,15,False
-30,-5,20,False
-30,-5,25,False
-30,-5,30,False
-30,-5,35,False
-30,0,-35,False
-30,0,-30,False
-30,0,-25,False
-30,0,-20,False
-30,0,-15,False
-30,0,-10,False
-30,0,-5,False
-30,0,0,False
-30,0,5,False
-30,0,10,False
-30,0,15,False
-30,0,20,False
-30,0,25,False
-30,0,30,False
-30,0,35,False
-30,5,-35,False
-30,5,-30,False
-30,5,-25,False
-30,5,-20,False
-30,5,-15,False
-30,5,-10,False
-30,5,-5,False
-30,5,0,False
-30,5,5,False
-30,5,10,False
-30,5,15,False
-30,5,20,False
-30,5,25,False
-30,5,30,False
-30,5,35,False
-30,10,-35,False
-30,10,-30,False
-30,10,-25,False
-30,10,-20,False
-30,10,-15,False
-30,10,-10,False
-30,10,-5,False
-30,10,0,False
-30,10,5,False
-30,10,10,False
-30,10,15,False
-30,10,20,False
-30,10,25,False
-30,10,30,False
-30,10,35,False
-30,15,-35,False
-30,15,-30,False
-30,15,-25,False
-30,15,-20,False
-30,15,-15,False
-30,15,-10,False
-30,15,-5,False
-30,15,0,False
-30,15,5,False
-30,15,10,False
-30,15,15,False
-30,15,20,False
-30,15,25,False
-30,15,30,False
-30,15,35,False
-30,20,-35,False
-30,20,-30,False
-30,20,-25,False
-30,20,-20,False
-30,20,-15,False
-30,20,-10,False
-30,20,-5,False
-30,20,0,False
-30,20,5,False
-30,20,10,False
-30,20,15,False
-30,20,20,False
-30,20,25,False
-30,20,30,False
-30,20,35,False
-30,25,-35,False
-30,25,-30,False
-30,25,-25,False
-30,25,-20,False
-30,25,-15,False
-30,25,-10,False
-30,25,-5,False
-30,25,0,False
-30,25,5,False
-30,25,10,False
-30,25,15,False
-30,25,20,False
-30,25,25,False
-30,25,30,False
-30,25,35,False
-30,30,-35,False
-30,30,-30,False
-30,30,-25,False
-30,30,-20,False
-30,30,-15,False
-30,30,-10,False
-30,30,-5,False
-30,30,0,False
-30,30,5,False
-30,30,10,False
-30,30,15,False
-30,30,20,False
-30,30,25,False
-30,30,30,False
-30,30,35,False
-30,35,-35,False
-30,35,-30,False
-30,35,-25,False
-30,35,-20,False
-30,35,-15,False
-30,35,-10,False
-30,35,-5,False
-30,35,0,False
-30,35,5,False
-30,35,10,False
-30,35,15,False
-30,35,20,False
-30,35,25,False
-30,35,30,False
-30,35,35,False
-25,-35,-35,True
-25,-35,-30,True
-25,-35,-25,False
-25,-35,-20,False
-25,-35,-15,False
-25,-35,-10,False
-25,-35,-5,False
-25,-35,0,False
-25,-35,5,False
-25,-35,10,False
-25,-35,15,False
-25,-35,20,False
-25,-35,25,False
-25,-35,30,False
-25,-35,35,False
-25,-30,-35,False
-25,-30,-30,True
-25,-30,-25,True
-25,-30,-20,True
-25,-30,-15,True
-25,-30,-10,True
-25,-30,-5,True
-25,-30,0,True
-25,-30,5,True
-25,-30,10,False
-25,-30,15,False
-25,-30,20,False
-25,-30,25,False
-25,-30,30,False
-25,-30,35,False
-25,-25,-35,False
-25,-25,-30,True
-25,-25,-25,True
-25,-25,-20,True
-25,-25,-15,True
-25,-25,-10,True
-25,-25,-5,True
-25,-25,0,True
-25,-25,5,True
-25,-25,10,True
-25,-25,15,False
-25,-25,20,False
-25,-25,25,False
-25,-25,30,False
-25,-25,35,False
-25,-20,-35,False
-25,-20,-30,True
-25,-20,-25,True
-25,-20,-20,True
-25,-20,-15,True
-25,-20,-10,True
-25,-20,-5,True
-25,-20,0,True
-25,-20,5,True
-25,-20,10,True
-25,-20,15,False
-25,-20,20,False
-25,-20,25,False
-25,-20,30,False
-25,-20,35,False
-25,-15,-35,False
-25,-15,-30,True
-25,-15,-25,True
-25,-15,-20,True
-25,-15,-15,True
-25,-15,-10,True
-25,-15,-5,True
-25,-15,0,True
-25,-15,5,True
-25,-15,10,True
-25,-15,15,True
-25,-15,20,False
-25,-15,25,False
-25,-15,30,False
-25,-15,35,False
-25,-10,-35,False
-25,-10,-30,False
-25,-10,-25,True
-25,-10,-20,True
-25,-10,-15,True
-25,-10,-10,True
-25,-10,-5,True
-25,-10,0,True
-25,-10,5,True
-25,-10,10,True
-25,-10,15,True
-25,-10,20,True
-25,-10,25,False
-25,-10,30,False
-25,-10,35,False
-25,-5,-35,False
-25,-5,-30,False
-25,-5,-25,True
-25,-5,-20,True
-25,-5,-15,True
-25,-5,-10,True
-25,-5,-5,True
-25,-5,0,True
-25,-5,5,True
-25,-5,10,True
-25,-5,15,True
-25,-5,20,True
-25,-5,25,False
-25,-5,30,False
-25,-5,35,False
-25,0,-35,False
-25,0,-30,False
-25,0,-25,False
-25,0,-20,False
-25,0,-15,False
-25,0,-10,False
-25,0,-5,False
-25,0,0,False
-25,0,5,True
-25,0,10,True
-25,0,15,True
-25,0,20,True
-25,0,25,True
-25,0,30,False
-25,0,35,False
-25,5,-35,False
-25,5,-30,False
-25,5,-25,False
-25,5,-20,False
-25,5,-15,False
-25,5,-10,False
-25,5,-5,False
-25,5,0,False
-25,5,5,False
-25,5,10,False
-25,5,15,False
-25,5,20,False
-25,5,25,False
-25,5,30,False
-25,5,35,False
-25,10,-35,False
-25,10,-30,False
-25,10,-25,False
-25,10,-20,False
-25,10,-15,False
-25,10,-10,False
-25,10,-5,False
-25,10,0,False
-25,10,5,False
-25,10,10,False
-25,10,15,False
-25,10,20,False
-25,10,25,False
-25,10,30,False
-25,10,35,False
-25,15,-35,False
-25,15,-30,False
-25,15,-25,False
-25,15,-20,False
-25,15,-15,False
-25,15,-10,False
-25,15,-5,False
-25,15,0,False
-25,15,5,False
-25,15,10,False
-25,15,15,False
-25,15,20,False
-25,15,25,False
-25,15,30,False
-25,15,35,False
-25,20,-35,False
-25,20,-30,False
-25,20,-25,False
-25,20,-20,False
-25,20,-15,False
-25,20,-10,False
-25,20,-5,False
-25,20,0,False
-25,20,5,False
-25,20,10,False
-25,20,15,False
-25,20,20,False
-25,20,25,False
-25,20,30,False
-25,20,35,False
-25,25,-35,False
-25,25,-30,False
-25,25,-25,False
-25,25,-20,False
-25,25,-15,False
-25,25,-10,False
-25,25,-5,False
-25,25,0,False
-25,25,5,False
-25,25,10,False
-25,25,15,False
-25,25,20,False
-25,25,25,False
-25,25,30,False
-25,25,35,False
-25,30,-35,False
-25,30,-30,False
-25,30,-25,False
-25,30,-20,False
-25,30,-15,False
-25,30,-10,False
-25,30,-5,False
-25,30,0,False
-25,30,5,False
-25,30,10,False
-25,30,15,False
-25,30,20,False
-25,30,25,False
-25,30,30,False
-25,30,35,False
-25,35,-35,False
-25,35,-30,False
-25,35,-25,False
-25,35,-20,False
-25,35,-15,False
-25,35,-10,False
-25,35,-5,False
-25,35,0,False
-25,35,5,False
-25,35,10,False
-25,35,15,False
-25,35,20,False
-25,35,25,False
-25,35,30,False
-25,35,35,False
-20,-35,-35,True
-20,-35,-30,False
-20,-35,-25,False
-20,-35,-20,False
-20,-35,-15,False
-20,-35,-10,False
-20,-35,-5,False
-20,-35,0,False
-20,-35,5,False
-20,-35,10,False
-20,-35,15,False
-20,-35,20,False
-20,-35,25,False
-20,-35,30,False
-20,-35,35,False
-20,-30,-35,False
-20,-30,-30,True
-20,-30,-25,True
-20,-30,-20,True
-20,-30,-15,True
-20,-30,-10,True
-20,-30,-5,True
-20,-30,0,True
-20,-30,5,False
-20,-30,10,False
-20,-30,15,False
-20,-30,20,False
-20,-30,25,False
-20,-30,30,False
-20,-30,35,False
-20,-25,-35,False
-20,-25,-30,True
-20,-25,-25,True
-20,-25,-20,True
-20,-25,-15,True
-20,-25,-10,True
-20,-25,-5,True
-20,-25,0,True
-20,-25,5,True
-20,-25,10,False
-20,-25,15,False
-20,-25,20,False
-20,-25,25,False
-20,-25,30,False
-20,-25,35,False
-20,-20,-35,False
-20,-20,-30,True
-20,-20,-25,True
-20,-20,-20,True
-20,-20,-15,True
-20,-20,-10,True
-20,-20,-5,True
-20,-20,0,True
-20,-20,5,True
-20,-20,10,True
-20,-20,15,False
-20,-20,20,False
-20,-20,25,False
-20,-20,30,False
-20,-20,35,False
-20,-15,-35,False
-20,-15,-30,True
-20,-15,-25,True
-20,-15,-20,True
-20,-15,-15,True
-20,-15,-10,True
-20,-15,-5,True
-20,-15,0,True
-20,-15,5,True
-20,-15,10,True
-20,-15,15,True
-20,-15,20,False
-20,-15,25,False
-20,-15,30,False
-20,-15,35,False
-20,-10,-35,False
-20,-10,-30,False
-20,-10,-25,True
-20,-10,-20,True
-20,-10,-15,True
-20,-10,-10,True
-20,-10,-5,True
-20,-10,0,True
-20,-10,5,True
-20,-10,10,True
-20,-10,15,True
-20,-10,20,True
-20,-10,25,False
-20,-10,30,False
-20,-10,35,False
-20,-5,-35,False
-20,-5,-30,False
-20,-5,-25,True
-20,-5,-20,True
-20,-5,-15,True
-20,-5,-10,True
-20,-5,-5,True
-20,-5,0,True
-20,-5,5,True
-20,-5,10,True
-20,-5,15,True
-20,-5,20,True
-20,-5,25,False
-20,-5,30,False
-20,-5,35,False
-20,0,-35,False
-20,0,-30,False
-20,0,-25,False
-20,0,-20,True
-20,0,-15,True
-20,0,-10,True
-20,0,-5,True
-20,0,0,True
-20,0,5,True
-20,0,10,True
-20,0,15,True
-20,0,20,True
-20,0,25,True
-20,0,30,False
-20,0,35,False
-20,5,-35,False
-20,5,-30,False
-20,5,-25,False
-20,5,-20,False
-20,5,-15,False
-20,5,-10,True
-20,5,-5,True
-20,5,0,True
-20,5,5,True
-20,5,10,True
-20,5,15,True
-20,5,20,True
-20,5,25,True
-20,5,30,False
-20,5,35,False
-20,10,-35,False
-20,10,-30,False
-20,10,-25,False
-20,10,-20,False
-20,10,-15,False
-20,10,-10,False
-20,10,-5,False
-20,10,0,False
-20,10,5,False
-20,10,10,False
-20,10,15,False
-20,10,20,True
-20,10,25,True
-20,10,30,True
-20,10,35,False
-20,15,-35,False
-20,15,-30,False
-20,15,-25,False
-20,15,-20,False
-20,15,-15,False
-20,15,-10,False
-20,15,-5,False
-20,15,0,False
-20,15,5,False
-20,15,10,False
-20,15,15,False
-20,15,20,False
-20,15,25,False
-20,15,30,False
-20,15,35,False
-20,20,-35,False
-20,20,-30,False
-20,20,-25,False
-20,20,-20,False
-20,20,-15,False
-20,20,-10,False
-20,20,-5,False
-20,20,0,False
-20,20,5,False
-20,20,10,False
-20,20,15,False
-20,20,20,False
-20,20,25,False
-20,20,30,False
-20,20,35,False
-20,25,-35,False
-20,25,-30,False
-20,25,-25,False
-20,25,-20,False
-20,25,-15,False
-20,25,-10,False
-20,25,-5,False
-20,25,0,False
-20,25,5,False
-20,25,10,False
-20,25,15,False
-20,25,20,False
-20,25,25,False
-20,25,30,False
-20,25,35,False
-20,30,-35,False
-20,30,-30,False
-20,30,-25,False
-20,30,-20,False
-20,30,-15,False
-20,30,-10,False
-20,30,-5,False
-20,30,0,False
-20,30,5,False
-20,30,10,False
-20,30,15,False
-20,30,20,False
-20,30,25,False
-20,30,30,False
-20,30,35,False
-20,35,-35,False
-20,35,-30,False
-20,35,-25,False
-20,35,-20,False
-20,35,-15,False
-20,35,-10,False
-20,35,-5,False
-20,35,0,False
-20,35,5,False
-20,35,10,False
-20,35,15,False
-20,35,20,False
-20,35,25,False
-20,35,30,False
-20,35,35,False
-15,-35,-35,False
-15,-35,-30,False
-15,-35,-25,False
-15,-35,-20,False
-15,-35,-15,False
-15,-35,-10,False
-15,-35,-5,False
-15,-35,0,False
-15,-35,5,False
-15,-35,10,False
-15,-35,15,False
-15,-35,20,False
-15,-35,25,False
-15,-35,30,False
-15,-35,35,False
-15,-30,-35,False
-15,-30,-30,True
-15,-30,-25,True
-15,-30,-20,True
-15,-30,-15,True
-15,-30,-10,True
-15,-30,-5,True
-15,-30,0,False
-15,-30,5,False
-15,-30,10,False
-15,-30,15,False
-15,-30,20,False
-15,-30,25,False
-15,-30,30,False
-15,-30,35,False
-15,-25,-35,False
-15,-25,-30,True
-15,-25,-25,True
-15,-25,-20,True
-15,-25,-15,True
-15,-25,-10,True
-15,-25,-5,True
-15,-25,0,True
-15,-25,5,True
-15,-25,10,False
-15,-25,15,False
-15,-25,20,False
-15,-25,25,False
-15,-25,30,False
-15,-25,35,False
-15,-20,-35,False
-15,-20,-30,True
-15,-20,-25,True
-15,-20,-20,True
-15,-20,-15,True
-15,-20,-10,True
-15,-20,-5,True
-15,-20,0,True
-15,-20,5,True
-15,-20,10,True
-15,-20,15,False
-15,-20,20,False
-15,-20,25,False
-15,-20,30,False
-15,-20,35,False
-15,-15,-35,False
-15,-15,-30,True
-15,-15,-25,True
-15,-15,-20,True
-15,-15,-15,True
-15,-15,-10,True
-15,-15,-5,True
-15,-15,0,True
-15,-15,5,True
-15,-15,10,True
-15,-15,15,True
-15,-15,20,False
-15,-15,25,False
-15,-15,30,False
-15,-15,35,False
-15,-10,-35,False
-15,-10,-30,False
-15,-10,-25,True
-15,-10,-20,True
-15,-10,-15,True
-15,-10,-10,True
-15,-10,-5,True
-15,-10,0,True
-15,-10,5,True
-15,-10,10,True
-15,-10,15,True
-15,-10,20,False
-15,-10,25,False
-15,-10,30,False
-15,-10,35,False
-15,-5,-35,False
-15,-5,-30,False
-15,-5,-25,True
-15,-5,-20,True
-15,-5,-15,True
-15,-5,-10,True
-15,-5,-5,True
-15,-5,0,True
-15,-5,5,True
-15,-5,10,True
-15,-5,15,True
-15,-5,20,True
-15,-5,25,False
-15,-5,30,False
-15,-5,35,False
-15,0,-35,False
-15,0,-30,False
-15,0,-25,False
-15,0,-20,True
-15,0,-15,True
-15,0,-10,True
-15,0,-5,True
-15,0,0,True
-15,0,5,True
-15,0,10,True
-15,0,15,True
-15,0,20,True
-15,0,25,True
-15,0,30,False
-15,0,35,False
-15,5,-35,False
-15,5,-30,False
-15,5,-25,False
-15,5,-20,False
-15,5,-15,True
-15,5,-10,True
-15,5,-5,True
-15,5,0,True
-15,5,5,True
-15,5,10,True
-15,5,15,True
-15,5,20,True
-15,5,25,True
-15,5,30,False
-15,5,35,False
-15,10,-35,False
-15,10,-30,False
-15,10,-25,False
-15,10,-20,False
-15,10,-15,True
-15,10,-10,True
-15,10,-5,True
-15,10,0,True
-15,10,5,True
-15,10,10,True
-15,10,15,True
-15,10,20,True
-15,10,25,True
-15,10,30,True
-15,10,35,False
-15,15,-35,False
-15,15,-30,False
-15,15,-25,False
-15,15,-20,False
-15,15,-15,False
-15,15,-10,False
-15,15,-5,False
-15,15,0,False
-15,15,5,False
-15,15,10,False
-15,15,15,True
-15,15,20,True
-15,15,25,True
-15,15,30,True
-15,15,35,False
-15,20,-35,False
-15,20,-30,False
-15,20,-25,False
-15,20,-20,False
-15,20,-15,False
-15,20,-10,False
-15,20,-5,False
-15,20,0,False
-15,20,5,False
-15,20,10,False
-15,20,15,False
-15,20,20,False
-15,20,25,False
-15,20,30,False
-15,20,35,False
-15,25,-35,False
-15,25,-30,False
-15,25,-25,False
-15,25,-20,False
-15,25,-15,False
-15,25,-10,False
-15,25,-5,False
-15,25,0,False
-15,25,5,False
-15,25,10,False
-15,25,15,False
-15,25,20,False
-15,25,25,False
-15,25,30,False
-15,25,35,False
-15,30,-35,False
-15,30,-30,False
-15,30,-25,False
-15,30,-20,False
-15,30,-15,False
-15,30,-10,False
-15,30,-5,False
-15,30,0,False
-15,30,5,False
-15,30,10,False
-15,30,15,False
-15,30,20,False
-15,30,25,False
-15,30,30,False
-15,30,35,False
-15,35,-35,False
-15,35,-30,False
-15,35,-25,False
-15,35,-20,False
-15,35,-15,False
-15,35,-10,False
-15,35,-5,False
-15,35,0,False
-15,35,5,False
-15,35,10,False
-15,35,15,False
-15,35,20,False
-15,35,25,False
-15,35,30,False
-15,35,35,False
-10,-35,-35,False
-10,-35,-30,False
-10,-35,-25,False
-10,-35,-20,False
-10,-35,-15,False
-10,-35,-10,False
-10,-35,-5,False
-10,-35,0,False
-10,-35,5,False
-10,-35,10,False
-10,-35,15,False
-10,-35,20,False
-10,-35,25,False
-10,-35,30,False
-10,-35,35,False
-10,-30,-35,False
-10,-30,-30,True
-10,-30,-25,True
-10,-30,-20,True
-10,-30,-15,True
-10,-30,-10,True
-10,-30,-5,False
-10,-30,0,False
-10,-30,5,False
-10,-30,10,False
-10,-30,15,False
-10,-30,20,False
-10,-30,25,False
-10,-30,30,False
-10,-30,35,False
-10,-25,-35,False
-10,-25,-30,True
-10,-25,-25,True
-10,-25,-20,True
-10,-25,-15,True
-10,-25,-10,True
-10,-25,-5,True
-10,-25,0,True
-10,-25,5,True
-10,-25,10,False
-10,-25,15,False
-10,-25,20,False
-10,-25,25,False
-10,-25,30,False
-10,-25,35,False
-10,-20,-35,False
-10,-20,-30,True
-10,-20,-25,True
-10,-20,-20,True
-10,-20,-15,True
-10,-20,-10,True
-10,-20,-5,True
-10,-20,0,True
-10,-20,5,True
-10,-20,10,True
-10,-20,15,False
-10,-20,20,False
-10,-20,25,False
-10,-20,30,False
-10,-20,35,False
-10,-15,-35,False
-10,-15,-30,True
-10,-15,-25,True
-10,-15,-20,True
-10,-15,-15,True
-10,-15,-10,True
-10,-15,-5,True
-10,-15,0,True
-10,-15,5,True
-10,-15,10,True
-10,-15,15,True
-10,-15,20,False
-10,-15,25,False
-10,-15,30,False
-10,-15,35,False
-10,-10,-35,False
-10,-10,-30,False
-10,-10,-25,True
-10,-10,-20,True
-10,-10,-15,True
-10,-10,-10,True
-10,-10,-5,True
-10,-10,0,True
-10,-10,5,True
-10,-10,10,True
-10,-10,15,True
-10,-10,20,False
-10,-10,25,False
-10,-10,30,False
-10,-10,35,False
-10,-5,-35,False
-10,-5,-30,False
-10,-5,-25,True
-10,-5,-20,True
-10,-5,-15,True
-10,-5,-10,True
-10,-5,-5,True
-10,-5,0,True
-10,-5,5,True
-10,-5,10,True
-10,-5,15,True
-10,-5,20,True
-10,-5,25,False
-10,-5,30,False
-10,-5,35,False
-10,0,-35,False
-10,0,-30,False
-10,0,-25,False
-10,0,-20,True
-10,0,-15,True
-10,0,-10,True
-10,0,-5,True
-10,0,0,True
-10,0,5,True
-10,0,10,True
-10,0,15,True
-10,0,20,True
-10,0,25,True
-10,0,30,False
-10,0,35,False
-10,5,-35,False
-10,5,-30,False
-10,5,-25,False
-10,5,-20,True
-10,5,-15,True
-10,5,-10,True
-10,5,-5,True
-10,5,0,True
-10,5,5,True
-10,5,10,True
-10,5,15,True
-10,5,20,True
-10,5,25,True
-10,5,30,False
-10,5,35,False
-10,10,-35,False
-10,10,-30,False
-10,10,-25,False
-10,10,-20,False
-10,10,-15,True
-10,10,-10,True
-10,10,-5,True
-10,10,0,True
-10,10,5,True
-10,10,10,True
-10,10,15,True
-10,10,20,True
-10,10,25,True
-10,10,30,True
-10,10,35,False
-10,15,-35,False
-10,15,-30,False
-10,15,-25,False
-10,15,-20,False
-10,15,-15,False
-10,15,-10,True
-10,15,-5,True
-10,15,0,True
-10,15,5,True
-10,15,10,True
-10,15,15,True
-10,15,20,True
-10,15,25,True
-10,15,30,True
-10,15,35,False
-10,20,-35,False
-10,20,-30,False
-10,20,-25,False
-10,20,-20,False
-10,20,-15,False
-10,20,-10,False
-10,20,-5,False
-10,20,0,False
-10,20,5,True
-10,20,10,True
-10,20,15,True
-10,20,20,True
-10,20,25,True
-10,20,30,True
-10,20,35,False
-10,25,-35,False
-10,25,-30,False
-10,25,-25,False
-10,25,-20,False
-10,25,-15,False
-10,25,-10,False
-10,25,-5,False
-10,25,0,False
-10,25,5,False
-10,25,10,False
-10,25,15,False
-10,25,20,False
-10,25,25,False
-10,25,30,False
-10,25,35,False
-10,30,-35,False
-10,30,-30,False
-10,30,-25,False
-10,30,-20,False
-10,30,-15,False
-10,30,-10,False
-10,30,-5,False
-10,30,0,False
-10,30,5,False
-10,30,10,False
-10,30,15,False
-10,30,20,False
-10,30,25,False
-10,30,30,False
-10,30,35,False
-10,35,-35,False
-10,35,-30,False
-10,35,-25,False
-10,35,-20,False
-10,35,-15,False
-10,35,-10,False
-10,35,-5,False
-10,35,0,False
-10,35,5,False
-10,35,10,False
-10,35,15,False
-10,35,20,False
-10,35,25,False
-10,35,30,False
-10,35,35,False
-5,-35,-35,False
-5,-35,-30,False
-5,-35,-25,False
-5,-35,-20,False
-5,-35,-15,False
-5,-35,-10,False
-5,-35,-5,False
-5,-35,0,False
-5,-35,5,False
-5,-35,10,False
-5,-35,15,False
-5,-35,20,False
-5,-35,25,False
-5,-35,30,False
-5,-35,35,False
-5,-30,-35,False
-5,-30,-30,True
-5,-30,-25,True
-5,-30,-20,True
-5,-30,-15,True
-5,-30,-10,False
-5,-30,-5,False
-5,-30,0,False
-5,-30,5,False
-5,-30,10,False
-5,-30,15,False
-5,-30,20,False
-5,-30,25,False
-5,-30,30,False
-5,-30,35,False
-5,-25,-35,False
-5,-25,-30,True
-5,-25,-25,True
-5,-25,-20,True
-5,-25,-15,True
-5,-25,-10,True
-5,-25,-5,True
-5,-25,0,True
-5,-25,5,True
-5,-25,10,False
-5,-25,15,False
-5,-25,20,False
-5,-25,25,False
-5,-25,30,False
-5,-25,35,False
-5,-20,-35,False
-5,-20,-30,True
-5,-20,-25,True
-5,-20,-20,True
-5,-20,-15,True
-5,-20,-10,True
-5,-20,-5,True
-5,-20,0,True
-5,-20,5,True
-5,-20,10,True
-5,-20,15,False
-5,-20,20,False
-5,-20,25,False
-5,-20,30,False
-5,-20,35,False
-5,-15,-35,False
-5,-15,-30,True
-5,-15,-25,True
-5,-15,-20,True
-5,-15,-15,True
-5,-15,-10,True
-5,-15,-5,True
-5,-15,0,True
-5,-15,5,True
-5,-15,10,True
-5,-15,15,True
-5,-15,20,False
-5,-15,25,False
-5,-15,30,False
-5,-15,35,False
-5,-10,-35,False
-5,-10,-30,False
-5,-10,-25,True
-5,-10,-20,True
-5,-10,-15,True
-5,-10,-10,True
-5,-10,-5,True
-5,-10,0,True
-5,-10,5,True
-5,-10,10,True
-5,-10,15,True
-5,-10,20,False
-5,-10,25,False
-5,-10,30,False
-5,-10,35,False
-5,-5,-35,False
-5,-5,-30,False
-5,-5,-25,True
-5,-5,-20,True
-5,-5,-15,True
-5,-5,-10,True
-5,-5,-5,True
-5,-5,0,True
-5,-5,5,True
-5,-5,10,True
-5,-5,15,True
-5,-5,20,True
-5,-5,25,False
-5,-5,30,False
-5,-5,35,False
-5,0,-35,False
-5,0,-30,False
-5,0,-25,False
-5,0,-20,True
-5,0,-15,True
-5,0,-10,True
-5,0,-5,True
-5,0,0,True
-5,0,5,True
-5,0,10,True
-5,0,15,True
-5,0,20,True
-5,0,25,True
-5,0,30,False
-5,0,35,False
-5,5,-35,False
-5,5,-30,False
-5,5,-25,False
-5,5,-20,True
-5,5,-15,True
-5,5,-10,True
-5,5,-5,True
-5,5,0,True
-5,5,5,True
-5,5,10,True
-5,5,15,True
-5,5,20,True
-5,5,25,True
-5,5,30,False
-5,5,35,False
-5,10,-35,False
-5,10,-30,False
-5,10,-25,False
-5,10,-20,False
-5,10,-15,True
-5,10,-10,True
-5,10,-5,True
-5,10,0,True
-5,10,5,True
-5,10,10,True
-5,10,15,True
-5,10,20,True
-5,10,25,True
-5,10,30,False
-5,10,35,False
-5,15,-35,False
-5,15,-30,False
-5,15,-25,False
-5,15,-20,False
-5,15,-15,False
-5,15,-10,True
-5,15,-5,True
-5,15,0,True
-5,15,5,True
-5,15,10,True
-5,15,15,True
-5,15,20,True
-5,15,25,True
-5,15,30,True
-5,15,35,False
-5,20,-35,False
-5,20,-30,False
-5,20,-25,False
-5,20,-20,False
-5,20,-15,False
-5,20,-10,True
-5,20,-5,True
-5,20,0,True
-5,20,5,True
-5,20,10,True
-5,20,15,True
-5,20,20,True
-5,20,25,True
-5,20,30,True
-5,20,35,False
-5,25,-35,False
-5,25,-30,False
-5,25,-25,False
-5,25,-20,False
-5,25,-15,False
-5,25,-10,False
-5,25,-5,False
-5,25,0,True
-5,25,5,True
-5,25,10,True
-5,25,15,True
-5,25,20,True
-5,25,25,True
-5,25,30,True
-5,25,35,False
-5,30,-35,False
-5,30,-30,False
-5,30,-25,False
-5,30,-20,False
-5,30,-15,False
-5,30,-10,False
-5,30,-5,False
-5,30,0,False
-5,30,5,False
-5,30,10,False
-5,30,15,False
-5,30,20,False
-5,30,25,False
-5,30,30,True
-5,30,35,False
-5,35,-35,False
-5,35,-30,False
-5,35,-25,False
-5,35,-20,False
-5,35,-15,False
-5,35,-10,False
-5,35,-5,False
-5,35,0,False
-5,35,5,False
-5,35,10,False
-5,35,15,False
-5,35,20,False
-5,35,25,False
-5,35,30,False
-5,35,35,False
0,-35,-35,False
0,-35,-30,False
0,-35,-25,False
0,-35,-20,False
0,-35,-15,False
0,-35,-10,False
0,-35,-5,False
0,-35,0,False
0,-35,5,False
0,-35,10,False
0,-35,15,False
0,-35,20,False
0,-35,25,False
0,-35,30,False
0,-35,35,False
0,-30,-35,False
0,-30,-30,True
0,-30,-25,True
0,-30,-20,True
0,-30,-15,False
0,-30,-10,False
0,-30,-5,False
0,-30,0,False
0,-30,5,False
0,-30,10,False
0,-30,15,False
0,-30,20,False
0,-30,25,False
0,-30,30,False
0,-30,35,False
0,-25,-35,False
0,-25,-30,True
0,-25,-25,True
0,-25,-20,True
0,-25,-15,True
0,-25,-10,True
0,-25,-5,True
0,-25,0,True
0,-25,5,True
0,-25,10,False
0,-25,15,False
0,-25,20,False
0,-25,25,False
0,-25,30,False
0,-25,35,False
0,-20,-35,False
0,-20,-30,True
0,-20,-25,True
0,-20,-20,True
0,-20,-15,True
0,-20,-10,True
0,-20,-5,True
0,-20,0,True
0,-20,5,True
0,-20,10,True
0,-20,15,False
0,-20,20,False
0,-20,25,False
0,-20,30,False
0,-20,35,False
0,-15,-35,False
0,-15,-30,True
0,-15,-25,True
0,-15,-20,True
0,-15,-15,True
0,-15,-10,True
0,-15,-5,True
0,-15,0,True
0,-15,5,True
0,-15,10,True
0,-15,15,False
0,-15,20,False
0,-15,25,False
0,-15,30,False
0,-15,35,False
0,-10,-35,False
0,-10,-30,False
0,-10,-25,True
0,-10,-20,True
0,-10,-15,True
0,-10,-10,True
0,-10,-5,True
0,-10,0,True
0,-10,5,True
0,-10,10,True
0,-10,15,True
0,-10,20,False
0,-10,25,False
0,-10,30,False
0,-10,35,False
0,-5,-35,False
0,-5,-30,False
0,-5,-25,True
0,-5,-20,True
0,-5,-15,True
0,-5,-10,True
0,-5,-5,True
0,-5,0,True
0,-5,5,True
0,-5,10,True
0,-5,15,True
0,-5,20,True
0,-5,25,False
0,-5,30,False
0,-5,35,False
0,0,-35,False
0,0,-30,False
0,0,-25,False
0,0,-20,True
0,0,-15,True
0,0,-10,True
0,0,-5,True
0,0,0,True
0,0,5,True
0,0,10,True
0,0,15,True
0,0,20,True
0,0,25,False
0,0,30,False
0,0,35,False
0,5,-35,False
0,5,-30,False
0,5,-25,False
0,5,-20,True
0,5,-15,True
0,5,-10,True
0,5,-5,True
0,5,0,True
0,5,5,True
0,5,10,True
0,5,15,True
0,5,20,True
0,5,25,True
0,5,30,False
0,5,35,False
0,10,-35,False
0,10,-30,False
0,10,-25,False
0,10,-20,False
0,10,-15,True
0,10,-10,True
0,10,-5,True
0,10,0,True
0,10,5,True
0,10,10,True
0,10,15,True
0,10,20,True
0,10,25,True
0,10,30,False
0,10,35,False
0,15,-35,False
0,15,-30,False
0,15,-25,False
0,15,-20,False
0,15,-15,False
0,15,-10,True
0,15,-5,True
0,15,0,True
0,15,5,True
0,15,10,True
0,15,15,True
0,15,20,True
0,15,25,True
0,15,30,True
0,15,35,False
0,20,-35,False
0,20,-30,False
0,20,-25,False
0,20,-20,False
0,20,-15,False
0,20,-10,True
0,20,-5,True
0,20,0,True
0,20,5,True
0,20,10,True
0,20,15,True
0,20,20,True
0,20,25,True
0,20,30,True
0,20,35,False
0,25,-35,False
0,25,-30,False
0,25,-25,False
0,25,-20,False
0,25,-15,False
0,25,-10,False
0,25,-5,True
0,25,0,True
0,25,5,True
0,25,10,True
0,25,15,True
0,25,20,True
0,25,25,True
0,25,30,True
0,25,35,False
0,30,-35,False
0,30,-30,False
0,30,-25,False
0,30,-20,False
0,30,-15,False
0,30,-10,False
0,30,-5,False
0,30,0,False
0,30,5,False
0,30,10,False
0,30,15,False
0,30,20,True
0,30,25,True
0,30,30,True
0,30,35,False
0,35,-35,False
0,35,-30,False
0,35,-25,False
0,35,-20,False
0,35,-15,False
0,35,-10,False
0,35,-5,False
0,35,0,False
0,35,5,False
0,35,10,False
0,35,15,False
0,35,20,False
0,35,25,False
0,35,30,False
0,35,35,False
5,-35,-35,False
5,-35,-30,False
5,-35,-25,False
5,-35,-20,False
5,-35,-15,False
5,-35,-10,False
5,-35,-5,False
5,-35,0,False
5,-35,5,False
5,-35,10,False
5,-35,15,False
5,-35,20,False
5,-35,25,False
5,-35,30,False
5,-35,35,False
5,-30,-35,False
5,-30,-30,True
5,-30,-25,False
5,-30,-20,False
5,-30,-15,False
5,-30,-10,False
5,-30,-5,False
5,-30,0,False
5,-30,5,False
5,-30,10,False
5,-30,15,False
5,-30,20,False
5,-30,25,False
5,-30,30,False
5,-30,35,False
5,-25,-35,False
5,-25,-30,True
5,-25,-25,True
5,-25,-20,True
5,-25,-15,True
5,-25,-10,True
5,-25,-5,True
5,-25,0,True
5,-25,5,False
5,-25,10,False
5,-25,15,False
5,-25,20,False
5,-25,25,False
5,-25,30,False
5,-25,35,False
5,-20,-35,False
5,-20,-30,True
5,-20,-25,True
5,-20,-20,True
5,-20,-15,True
5,-20,-10,True
5,-20,-5,True
5,-20,0,True
5,-20,5,True
5,-20,10,True
5,-20,15,False
5,-20,20,False
5,-20,25,False
5,-20,30,False
5,-20,35,False
5,-15,-35,False
5,-15,-30,True
5,-15,-25,True
5,-15,-20,True
5,-15,-15,True
5,-15,-10,True
5,-15,-5,True
5,-15,0,True
5,-15,5,True
5,-15,10,True
5,-15,15,False
5,-15,20,False
5,-15,25,False
5,-15,30,False
5,-15,35,False
5,-10,-35,False
5,-10,-30,False
5,-10,-25,True
5,-10,-20,True
5,-10,-15,True
5,-10,-10,True
5,-10,-5,True
5,-10,0,True
5,-10,5,True
5,-10,10,True
5,-10,15,True
5,-10,20,False
5,-10,25,False
5,-10,30,False
5,-10,35,False
5,-5,-35,False
5,-5,-30,False
5,-5,-25,True
5,-5,-20,True
5,-5,-15,True
5,-5,-10,True
5,-5,-5,True
5,-5,0,True
5,-5,5,True
5,-5,10,True
5,-5,15,True
5,-5,20,True
5,-5,25,False
5,-5,30,False
5,-5,35,False
5,0,-35,False
5,0,-30,False
5,0,-25,True
5,0,-20,True
5,0,-15,True
5,0,-10,True
5,0,-5,True
5,0,0,True
5,0,5,True
5,0,10,True
5,0,15,True
5,0,20,True
5,0,25,False
5,0,30,False
5,0,35,False
5,5,-35,False
5,5,-30,False
5,5,-25,False
5,5,-20,True
5,5,-15,True
5,5,-10,True
5,5,-5,True
5,5,0,True
5,5,5,True
5,5,10,True
5,5,15,True
5,5,20,True
5,5,25,True
5,5,30,False
5,5,35,False
5,10,-35,False
5,10,-30,False
5,10,-25,False
5,10,-20,False
5,10,-15,True
5,10,-10,True
5,10,-5,True
5,10,0,True
5,10,5,True
5,10,10,True
5,10,15,True
5,10,20,True
5,10,25,True
5,10,30,False
5,10,35,False
5,15,-35,False
5,15,-30,False
5,15,-25,False
5,15,-20,False
5,15,-15,True
5,15,-10,True
5,15,-5,True
5,15,0,True
5,15,5,True
5,15,10,True
5,15,15,True
5,15,20,True
5,15,25,True
5,15,30,True
5,15,35,False
5,20,-35,False
5,20,-30,False
5,20,-25,False
5,20,-20,False
5,20,-15,False
5,20,-10,True
5,20,-5,True
5,20,0,True
5,20,5,True
5,20,10,True
5,20,15,True
5,20,20,True
5,20,25,True
5,20,30,True
5,20,35,False
5,25,-35,False
5,25,-30,False
5,25,-25,False
5,25,-20,False
5,25,-15,False
5,25,-10,False
5,25,-5,True
5,25,0,True
5,25,5,True
5,25,10,True
5,25,15,True
5,25,20,True
5,25,25,True
5,25,30,True
5,25,35,False
5,30,-35,False
5,30,-30,False
5,30,-25,False
5,30,-20,False
5,30,-15,False
5,30,-10,False
5,30,-5,False
5,30,0,False
5,30,5,False
5,30,10,False
5,30,15,True
5,30,20,True
5,30,25,True
5,30,30,True
5,30,35,False
5,35,-35,False
5,35,-30,False
5,35,-25,False
5,35,-20,False
5,35,-15,False
5,35,-10,False
5,35,-5,False
5,35,0,False
5,35,5,False
5,35,10,False
5,35,15,False
5,35,20,False
5,35,25,False
5,35,30,False
5,35,35,False
10,-35,-35,False
10,-35,-30,False
10,-35,-25,False
10,-35,-20,False
10,-35,-15,False
10,-35,-10,False
10,-35,-5,False
10,-35,0,False
10,-35,5,False
10,-35,10,False
10,-35,15,False
10,-35,20,False
10,-35,25,False
10,-35,30,False
10,-35,35,False
10,-30,-35,False
10,-30,-30,False
10,-30,-25,False
10,-30,-20,False
10,-30,-15,False
10,-30,-10,False
10,-30,-5,False
10,-30,0,False
10,-30,5,False
10,-30,10,False
10,-30,15,False
10,-30,20,False
10,-30,25,False
10,-30,30,False
10,-30,35,False
10,-25,-35,False
10,-25,-30,False
10,-25,-25,False
10,-25,-20,False
10,-25,-15,False
10,-25,-10,False
10,-25,-5,False
10,-25,0,False
10,-25,5,False
10,-25,10,False
10,-25,15,False
10,-25,20,False
10,-25,25,False
10,-25,30,False
10,-25,35,False
10,-20,-35,False
10,-20,-30,True
10,-20,-25,True
10,-20,-20,True
10,-20,-15,True
10,-20,-10,True
10,-20,-5,True
10,-20,0,False
10,-20,5,False
10,-20,10,False
10,-20,15,False
10,-20,20,False
10,-20,25,False
10,-20,30,False
10,-20,35,False
10,-15,-35,False
10,-15,-30,True
10,-15,-25,True
10,-15,-20,True
10,-15,-15,True
10,-15,-10,True
10,-15,-5,True
10,-15,0,True
10,-15,5,True
10,-15,10,True
10,-15,15,False
10,-15,20,False
10,-15,25,False
10,-15,30,False
10,-15,35,False
10,-10,-35,False
10,-10,-30,True
10,-10,-25,True
10,-10,-20,True
10,-10,-15,True
10,-10,-10,True
10,-10,-5,True
10,-10,0,True
10,-10,5,True
10,-10,10,True
10,-10,15,True
10,-10,20,False
10,-10,25,False
10,-10,30,False
10,-10,35,False
10,-5,-35,False
10,-5,-30,False
10,-5,-25,True
10,-5,-20,True
10,-5,-15,True
10,-5,-10,True
10,-5,-5,True
10,-5,0,True
10,-5,5,True
10,-5,10,True
10,-5,15,True
10,-5,20,True
10,-5,25,False
10,-5,30,False
10,-5,35,False
10,0,-35,False
10,0,-30,False
10,0,-25,True
10,0,-20,True
10,0,-15,True
10,0,-10,True
10,0,-5,True
10,0,0,True
10,0,5,True
10,0,10,True
10,0,15,True
10,0,20,True
10,0,25,False
10,0,30,False
10,0,35,False
10,5,-35,False
10,5,-30,False
10,5,-25,False
10,5,-20,True
10,5,-15,True
10,5,-10,True
10,5,-5,True
10,5,0,True
10,5,5,True
10,5,10,True
10,5,15,True
10,5,20,True
10,5,25,True
10,5,30,False
10,5,35,False
10,10,-35,False
10,10,-30,False
10,10,-25,False
10,10,-20,False
10,10,-15,True
10,10,-10,True
10,10,-5,True
10,10,0,True
10,10,5,True
10,10,10,True
10,10,15,True
10,10,20,True
10,10,25,True
10,10,30,False
10,10,35,False
10,15,-35,False
10,15,-30,False
10,15,-25,False
10,15,-20,False
10,15,-15,True
10,15,-10,True
10,15,-5,True
10,15,0,True
10,15,5,True
10,15,10,True
10,15,15,True
10,15,20,True
10,15,25,True
10,15,30,True
10,15,35,False
10,20,-35,False
10,20,-30,False
10,20,-25,False
10,20,-20,False
10,20,-15,False
10,20,-10,True
10,20,-5,True
10,20,0,True
10,20,5,True
10,20,10,True
10,20,15,True
10,20,20,True
10,20,25,True
10,20,30,True
10,20,35,False
10,25,-35,False
10,25,-30,False
10,25,-25,False
10,25,-20,False
10,25,-15,False
10,25,-10,False
10,25,-5,True
10,25,0,True
10,25,5,True
10,25,10,True
10,25,15,True
10,25,20,True
10,25,25,True
10,25,30,True
10,25,35,False
10,30,-35,False
10,30,-30,False
10,30,-25,False
10,30,-20,False
10,30,-15,False
10,30,-10,False
10,30,-5,False
10,30,0,False
10,30,5,False
10,30,10,True
10,30,15,True
10,30,20,True
10,30,25,True
10,30,30,True
10,30,35,False
10,35,-35,False
10,35,-30,False
10,35,-25,False
10,35,-20,False
10,35,-15,False
10,35,-10,False
10,35,-5,False
10,35,0,False
10,35,5,False
10,35,10,False
10,35,15,False
10,35,20,False
10,35,25,False
10,35,30,False
10,35,35,False
15,-35,-35,False
15,-35,-30,False
15,-35,-25,False
15,-35,-20,False
15,-35,-15,False
15,-35,-10,False
15,-35,-5,False
15,-35,0,False
15,-35,5,False
15,-35,10,False
15,-35,15,False
15,-35,20,False
15,-35,25,False
15,-35,30,False
15,-35,35,False
15,-30,-35,False
15,-30,-30,False
15,-30,-25,False
15,-30,-20,False
15,-30,-15,False
15,-30,-10,False
15,-30,-5,False
15,-30,0,False
15,-30,5,False
15,-30,10,False
15,-30,15,False
15,-30,20,False
15,-30,25,False
15,-30,30,False
15,-30,35,False
15,-25,-35,False
15,-25,-30,False
15,-25,-25,False
15,-25,-20,False
15,-25,-15,False
15,-25,-10,False
15,-25,-5,False
15,-25,0,False
15,-25,5,False
15,-25,10,False
15,-25,15,False
15,-25,20,False
15,-25,25,False
15,-25,30,False
15,-25,35,False
15,-20,-35,False
15,-20,-30,False
15,-20,-25,False
15,-20,-20,False
15,-20,-15,False
15,-20,-10,False
15,-20,-5,False
15,-20,0,False
15,-20,5,False
15,-20,10,False
15,-20,15,False
15,-20,20,False
15,-20,25,False
15,-20,30,False
15,-20,35,False
15,-15,-35,False
15,-15,-30,True
15,-15,-25,True
15,-15,-20,True
15,-15,-15,True
15,-15,-10,False
15,-15,-5,False
15,-15,0,False
15,-15,5,False
15,-15,10,False
15,-15,15,False
15,-15,20,False
15,-15,25,False
15,-15,30,False
15,-15,35,False
15,-10,-35,False
15,-10,-30,True
15,-10,-25,True
15,-10,-20,True
15,-10,-15,True
15,-10,-10,True
15,-10,-5,True
15,-10,0,True
15,-10,5,True
15,-10,10,True
15,-10,15,True
15,-10,20,False
15,-10,25,False
15,-10,30,False
15,-10,35,False
15,-5,-35,False
15,-5,-30,False
15,-5,-25,True
15,-5,-20,True
15,-5,-15,True
15,-5,-10,True
15,-5,-5,True
15,-5,0,True
15,-5,5,True
15,-5,10,True
15,-5,15,True
15,-5,20,False
15,-5,25,False
15,-5,30,False
15,-5,35,False
15,0,-35,False
15,0,-30,False
15,0,-25,True
15,0,-20,True
15,0,-15,True
15,0,-10,True
15,0,-5,True
15,0,0,True
15,0,5,True
15,0,10,True
15,0,15,True
15,0,20,True
15,0,25,False
15,0,30,False
15,0,35,False
15,5,-35,False
15,5,-30,False
15,5,-25,False
15,5,-20,True
15,5,-15,True
15,5,-10,True
15,5,-5,True
15,5,0,True
15,5,5,True
15,5,10,True
15,5,15,True
15,5,20,True
15,5,25,True
15,5,30,False
15,5,35,False
15,10,-35,False
15,10,-30,False
15,10,-25,False
15,10,-20,False
15,10,-15,True
15,10,-10,True
15,10,-5,True
15,10,0,True
15,10,5,True
15,10,10,True
15,10,15,True
15,10,20,True
15,10,25,True
15,10,30,False
15,10,35,False
15,15,-35,False
15,15,-30,False
15,15,-25,False
15,15,-20,False
15,15,-15,True
15,15,-10,True
15,15,-5,True
15,15,0,True
15,15,5,True
15,15,10,True
15,15,15,True
15,15,20,True
15,15,25,True
15,15,30,True
15,15,35,False
15,20,-35,False
15,20,-30,False
15,20,-25,False
15,20,-20,False
15,20,-15,False
15,20,-10,True
15,20,-5,True
15,20,0,True
15,20,5,True
15,20,10,True
15,20,15,True
15,20,20,True
15,20,25,True
15,20,30,True
15,20,35,False
15,25,-35,False
15,25,-30,False
15,25,-25,False
15,25,-20,False
15,25,-15,False
15,25,-10,False
15,25,-5,True
15,25,0,True
15,25,5,True
15,25,10,True
15,25,15,True
15,25,20,True
15,25,25,True
15,25,30,True
15,25,35,False
15,30,-35,False
15,30,-30,False
15,30,-25,False
15,30,-20,False
15,30,-15,False
15,30,-10,False
15,30,-5,False
15,30,0,False
15,30,5,True
15,30,10,True
15,30,15,True
15,30,20,True
15,30,25,True
15,30,30,True
15,30,35,False
15,35,-35,False
15,35,-30,False
15,35,-25,False
15,35,-20,False
15,35,-15,False
15,35,-10,False
15,35,-5,False
15,35,0,False
15,35,5,False
15,35,10,False
15,35,15,False
15,35,20,False
15,35,25,False
15,35,30,False
15,35,35,False
20,-35,-35,False
20,-35,-30,False
20,-35,-25,False
20,-35,-20,False
20,-35,-15,False
20,-35,-10,False
20,-35,-5,False
20,-35,0,False
20,-35,5,False
20,-35,10,False
20,-35,15,False
20,-35,20,False
20,-35,25,False
20,-35,30,False
20,-35,35,False
20,-30,-35,False
20,-30,-30,False
20,-30,-25,False
20,-30,-20,False
20,-30,-15,False
20,-30,-10,False
20,-30,-5,False
20,-30,0,False
20,-30,5,False
20,-30,10,False
20,-30,15,False
20,-30,20,False
20,-30,25,False
20,-30,30,False
20,-30,35,False
20,-25,-35,False
20,-25,-30,False
20,-25,-25,False
20,-25,-20,False
20,-25,-15,False
20,-25,-10,False
20,-25,-5,False
20,-25,0,False
20,-25,5,False
20,-25,10,False
20,-25,15,False
20,-25,20,False
20,-25,25,False
20,-25,30,False
20,-25,35,False
20,-20,-35,False
20,-20,-30,False
20,-20,-25,False
20,-20,-20,False
20,-20,-15,False
20,-20,-10,False
20,-20,-5,False
20,-20,0,False
20,-20,5,False
20,-20,10,False
20,-20,15,False
20,-20,20,False
20,-20,25,False
20,-20,30,False
20,-20,35,False
20,-15,-35,False
20,-15,-30,False
20,-15,-25,False
20,-15,-20,False
20,-15,-15,False
20,-15,-10,False
20,-15,-5,False
20,-15,0,False
20,-15,5,False
20,-15,10,False
20,-15,15,False
20,-15,20,False
20,-15,25,False
20,-15,30,False
20,-15,35,False
20,-10,-35,False
20,-10,-30,True
20,-10,-25,True
20,-10,-20,True
20,-10,-15,False
20,-10,-10,False
20,-10,-5,False
20,-10,0,False
20,-10,5,False
20,-10,10,False
20,-10,15,False
20,-10,20,False
20,-10,25,False
20,-10,30,False
20,-10,35,False
20,-5,-35,False
20,-5,-30,False
20,-5,-25,True
20,-5,-20,True
20,-5,-15,True
20,-5,-10,True
20,-5,-5,True
20,-5,0,True
20,-5,5,True
20,-5,10,True
20,-5,15,False
20,-5,20,False
20,-5,25,False
20,-5,30,False
20,-5,35,False
20,0,-35,False
20,0,-30,False
20,0,-25,True
20,0,-20,True
20,0,-15,True
20,0,-10,True
20,0,-5,True
20,0,0,True
20,0,5,True
20,0,10,True
20,0,15,True
20,0,20,True
20,0,25,False
20,0,30,False
20,0,35,False
20,5,-35,False
20,5,-30,False
20,5,-25,False
20,5,-20,True
20,5,-15,True
20,5,-10,True
20,5,-5,True
20,5,0,True
20,5,5,True
20,5,10,True
20,5,15,True
20,5,20,True
20,5,25,True
20,5,30,False
20,5,35,False
20,10,-35,False
20,10,-30,False
20,10,-25,False
20,10,-20,True
20,10,-15,True
20,10,-10,True
20,10,-5,True
20,10,0,True
20,10,5,True
20,10,10,True
20,10,15,True
20,10,20,True
20,10,25,True
20,10,30,False
20,10,35,False
20,15,-35,False
20,15,-30,False
20,15,-25,False
20,15,-20,False
20,15,-15,True
20,15,-10,True
20,15,-5,True
20,15,0,True
20,15,5,True
20,15,10,True
20,15,15,True
20,15,20,True
20,15,25,True
20,15,30,True
20,15,35,False
20,20,-35,False
20,20,-30,False
20,20,-25,False
20,20,-20,False
20,20,-15,False
20,20,-10,True
20,20,-5,True
20,20,0,True
20,20,5,True
20,20,10,True
20,20,15,True
20,20,20,True
20,20,25,True
20,20,30,True
20,20,35,False
20,25,-35,False
20,25,-30,False
20,25,-25,False
20,25,-20,False
20,25,-15,False
20,25,-10,False
20,25,-5,True
20,25,0,True
20,25,5,True
20,25,10,True
20,25,15,True
20,25,20,True
20,25,25,True
20,25,30,True
20,25,35,False
20,30,-35,False
20,30,-30,False
20,30,-25,False
20,30,-20,False
20,30,-15,False
20,30,-10,False
20,30,-5,False
20,30,0,True
20,30,5,True
20,30,10,True
20,30,15,True
20,30,20,True
20,30,25,True
20,30,30,True
20,30,35,False
20,35,-35,False
20,35,-30,False
20,35,-25,False
20,35,-20,False
20,35,-15,False
20,35,-10,False
20,35,-5,False
20,35,0,False
20,35,5,False
20,35,10,False
20,35,15,False
20,35,20,False
20,35,25,False
20,35,30,False
20,35,35,True
25,-35,-35,False
25,-35,-30,False
25,-35,-25,False
25,-35,-20,False
25,-35,-15,False
25,-35,-10,False
25,-35,-5,False
25,-35,0,False
25,-35,5,False
25,-35,10,False
25,-35,15,False
25,-35,20,False
25,-35,25,False
25,-35,30,False
25,-35,35,False
25,-30,-35,False
25,-30,-30,False
25,-30,-25,False
25,-30,-20,False
25,-30,-15,False
25,-30,-10,False
25,-30,-5,False
25,-30,0,False
25,-30,5,False
25,-30,10,False
25,-30,15,False
25,-30,20,False
25,-30,25,False
25,-30,30,False
25,-30,35,False
25,-25,-35,False
25,-25,-30,False
25,-25,-25,False
25,-25,-20,False
25,-25,-15,False
25,-25,-10,False
25,-25,-5,False
25,-25,0,False
25,-25,5,False
25,-25,10,False
25,-25,15,False
25,-25,20,False
25,-25,25,False
25,-25,30,False
25,-25,35,False
25,-20,-35,False
25,-20,-30,False
25,-20,-25,False
25,-20,-20,False
25,-20,-15,False
25,-20,-10,False
25,-20,-5,False
25,-20,0,False
25,-20,5,False
25,-20,10,False
25,-20,15,False
25,-20,20,False
25,-20,25,False
25,-20,30,False
25,-20,35,False
25,-15,-35,False
25,-15,-30,False
25,-15,-25,False
25,-15,-20,False
25,-15,-15,False
25,-15,-10,False
25,-15,-5,False
25,-15,0,False
25,-15,5,False
25,-15,10,False
25,-15,15,False
25,-15,20,False
25,-15,25,False
25,-15,30,False
25,-15,35,False
25,-10,-35,False
25,-10,-30,False
25,-10,-25,False
25,-10,-20,False
25,-10,-15,False
25,-10,-10,False
25,-10,-5,False
25,-10,0,False
25,-10,5,False
25,-10,10,False
25,-10,15,False
25,-10,20,False
25,-10,25,False
25,-10,30,False
25,-10,35,False
25,-5,-35,False
25,-5,-30,False
25,-5,-25,False
25,-5,-20,False
25,-5,-15,False
25,-5,-10,False
25,-5,-5,False
25,-5,0,False
25,-5,5,False
25,-5,10,False
25,-5,15,False
25,-5,20,False
25,-5,25,False
25,-5,30,False
25,-5,35,False
25,0,-35,False
25,0,-30,False
25,0,-25,True
25,0,-20,True
25,0,-15,True
25,0,-10,True
25,0,-5,True
25,0,0,False
25,0,5,False
25,0,10,False
25,0,15,False
25,0,20,False
25,0,25,False
25,0,30,False
25,0,35,False
25,5,-35,False
25,5,-30,False
25,5,-25,False
25,5,-20,True
25,5,-15,True
25,5,-10,True
25,5,-5,True
25,5,0,True
25,5,5,True
25,5,10,True
25,5,15,True
25,5,20,True
25,5,25,True
25,5,30,False
25,5,35,False
25,10,-35,False
25,10,-30,False
25,10,-25,False
25,10,-20,True
25,10,-15,True
25,10,-10,True
25,10,-5,True
25,10,0,True
25,10,5,True
25,10,10,True
25,10,15,True
25,10,20,True
25,10,25,True
25,10,30,False
25,10,35,False
25,15,-35,False
25,15,-30,False
25,15,-25,False
25,15,-20,False
25,15,-15,True
25,15,-10,True
25,15,-5,True
25,15,0,True
25,15,5,True
25,15,10,True
25,15,15,True
25,15,20,True
25,15,25,True
25,15,30,True
25,15,35,False
25,20,-35,False
25,20,-30,False
25,20,-25,False
25,20,-20,False
25,20,-15,False
25,20,-10,True
25,20,-5,True
25,20,0,True
25,20,5,True
25,20,10,True
25,20,15,True
25,20,20,True
25,20,25,True
25,20,30,True
25,20,35,False
25,25,-35,False
25,25,-30,False
25,25,-25,False
25,25,-20,False
25,25,-15,False
25,25,-10,True
25,25,-5,True
25,25,0,True
25,25,5,True
25,25,10,True
25,25,15,True
25,25,20,True
25,25,25,True
25,25,30,True
25,25,35,False
25,30,-35,False
25,30,-30,False
25,30,-25,False
25,30,-20,False
25,30,-15,False
25,30,-10,False
25,30,-5,True
25,30,0,True
25,30,5,True
25,30,10,True
25,30,15,True
25,30,20,True
25,30,25,True
25,30,30,True
25,30,35,False
25,35,-35,False
25,35,-30,False
25,35,-25,False
25,35,-20,False
25,35,-15,False
25,35,-10,False
25,35,-5,False
25,35,0,False
25,35,5,False
25,35,10,False
25,35,15,False
25,35,20,False
25,35,25,False
25,35,30,True
25,35,35,True
30,-35,-35,False
30,-35,-30,False
30,-35,-25,False
30,-35,-20,False
30,-35,-15,False
30,-35,-10,False
30,-35,-5,False
30,-35,0,False
30,-35,5,False
30,-35,10,False
30,-35,15,False
30,-35,20,False
30,-35,25,False
30,-35,30,False
30,-35,35,False
30,-30,-35,False
30,-30,-30,False
30,-30,-25,False
30,-30,-20,False
30,-30,-15,False
30,-30,-10,False
30,-30,-5,False
30,-30,0,False
30,-30,5,False
30,-30,10,False
30,-30,15,False
30,-30,20,False
30,-30,25,False
30,-30,30,False
30,-30,35,False
30,-25,-35,False
30,-25,-30,False
30,-25,-25,False
30,-25,-20,False
30,-25,-15,False
30,-25,-10,False
30,-25,-5,False
30,-25,0,False
30,-25,5,False
30,-25,10,False
30,-25,15,False
30,-25,20,False
30,-25,25,False
30,-25,30,False
30,-25,35,False
30,-20,-35,False
30,-20,-30,False
30,-20,-25,False
30,-20,-20,False
30,-20,-15,False
30,-20,-10,False
30,-20,-5,False
30,-20,0,False
30,-20,5,False
30,-20,10,False
30,-20,15,False
30,-20,20,False
30,-20,25,False
30,-20,30,False
30,-20,35,False
30,-15,-35,False
30,-15,-30,False
30,-15,-25,False
30,-15,-20,False
30,-15,-15,False
30,-15,-10,False
30,-15,-5,False
30,-15,0,False
30,-15,5,False
30,-15,10,False
30,-15,15,False
30,-15,20,False
30,-15,25,False
30,-15,30,False
30,-15,35,False
30,-10,-35,False
30,-10,-30,False
30,-10,-25,False
30,-10,-20,False
30,-10,-15,False
30,-10,-10,False
30,-10,-5,False
30,-10,0,False
30,-10,5,False
30,-10,10,False
30,-10,15,False
30,-10,20,False
30,-10,25,False
30,-10,30,False
30,-10,35,False
30,-5,-35,False
30,-5,-30,False
30,-5,-25,False
30,-5,-20,False
30,-5,-15,False
30,-5,-10,False
30,-5,-5,False
30,-5,0,False
30,-5,5,False
30,-5,10,False
30,-5,15,False
30,-5,20,False
30,-5,25,False
30,-5,30,False
30,-5,35,False
30,0,-35,False
30,0,-30,False
30,0,-25,False
30,0,-20,False
30,0,-15,False
30,0,-10,False
30,0,-5,False
30,0,0,False
30,0,5,False
30,0,10,False
30,0,15,False
30,0,20,False
30,0,25,False
30,0,30,False
30,0,35,False
30,5,-35,False
30,5,-30,False
30,5,-25,False
30,5,-20,False
30,5,-15,False
30,5,-10,False
30,5,-5,False
30,5,0,False
30,5,5,False
30,5,10,False
30,5,15,False
30,5,20,False
30,5,25,False
30,5,30,False
30,5,35,False
30,10,-35,False
30,10,-30,False
30,10,-25,False
30,10,-20,True
30,10,-15,True
30,10,-10,True
30,10,-5,False
30,10,0,False
30,10,5,False
30,10,10,False
30,10,15,False
30,10,20,False
30,10,25,False
30,10,30,False
30,10,35,False
30,15,-35,False
30,15,-30,False
30,15,-25,False
30,15,-20,False
30,15,-15,True
30,15,-10,True
30,15,-5,True
30,15,0,True
30,15,5,True
30,15,10,True
30,15,15,True
30,15,20,True
30,15,25,True
30,15,30,True
30,15,35,False
30,20,-35,False
30,20,-30,False
30,20,-25,False
30,20,-20,False
30,20,-15,False
30,20,-10,True
30,20,-5,True
30,20,0,True
30,20,5,True
30,20,10,True
30,20,15,True
30,20,20,True
30,20,25,True
30,20,30,True
30,20,35,False
30,25,-35,False
30,25,-30,False
30,25,-25,False
30,25,-20,False
30,25,-15,False
30,25,-10,True
30,25,-5,True
30,25,0,True
30,25,5,True
30,25,10,True
30,25,15,True
30,25,20,True
30,25,25,True
30,25,30,True
30,25,35,False
30,30,-35,False
30,30,-30,False
30,30,-25,False
30,30,-20,False
30,30,-15,False
30,30,-10,False
30,30,-5,True
30,30,0,True
30,30,5,True
30,30,10,True
30,30,15,True
30,30,20,True
30,30,25,True
30,30,30,True
30,30,35,True
30,35,-35,False
30,35,-30,False
30,35,-25,False
30,35,-20,False
30,35,-15,False
30,35,-10,False
30,35,-5,False
30,35,0,False
30,35,5,False
30,35,10,False
30,35,15,False
30,35,20,False
30,35,25,True
30,35,30,True
30,35,35,True
35,-35,-35,False
35,-35,-30,False
35,-35,-25,False
35,-35,-20,False
35,-35,-15,False
35,-35,-10,False
35,-35,-5,False
35,-35,0,False
35,-35,5,False
35,-35,10,False
35,-35,15,False
35,-35,20,False
35,-35,25,False
35,-35,30,False
35,-35,35,False
35,-30,-35,False
35,-30,-30,False
35,-30,-25,False
35,-30,-20,False
35,-30,-15,False
35,-30,-10,False
35,-30,-5,False
35,-30,0,False
35,-30,5,False
35,-30,10,False
35,-30,15,False
35,-30,20,False
35,-30,25,False
35,-30,30,False
35,-30,35,False
35,-25,-35,False
35,-25,-30,False
35,-25,-25,False
35,-25,-20,False
35,-25,-15,False
35,-25,-10,False
35,-25,-5,False
35,-25,0,False
35,-25,5,False
35,-25,10,False
35,-25,15,False
35,-25,20,False
35,-25,25,False
35,-25,30,False
35,-25,35,False
35,-20,-35,False
35,-20,-30,False
35,-20,-25,False
35,-20,-20,False
35,-20,-15,False
35,-20,-10,False
35,-20,-5,False
35,-20,0,False
35,-20,5,False
35,-20,10,False
35,-20,15,False
35,-20,20,False
35,-20,25,False
35,-20,30,False
35,-20,35,False
35,-15,-35,False
35,-15,-30,False
35,-15,-25,False
35,-15,-20,False
35,-15,-15,False
35,-15,-10,False
35,-15,-5,False
35,-15,0,False
35,-15,5,False
35,-15,10,False
35,-15,15,False
35,-15,20,False
35,-15,25,False
35,-15,30,False
35,-15,35,False
35,-10,-35,False
35,-10,-30,False
35,-10,-25,False
35,-10,-20,False
35,-10,-15,False
35,-10,-10,False
35,-10,-5,False
35,-10,0,False
35,-10,5,False
35,-10,10,False
35,-10,15,False
35,-10,20,False
35,-10,25,False
35,-10,30,False
35,-10,35,False
35,-5,-35,False
35,-5,-30,False
35,-5,-25,False
35,-5,-20,False
35,-5,-15,False
35,-5,-10,False
35,-5,-5,False
35,-5,0,False
35,-5,5,False
35,-5,10,False
35,-5,15,False
35,-5,20,False
35,-5,25,False
35,-5,30,False
35,-5,35,False
35,0,-35,False
35,0,-30,False
35,0,-25,False
35,0,-20,False
35,0,-15,False
35,0,-10,False
35,0,-5,False
35,0,0,False
35,0,5,False
35,0,10,False
35,0,15,False
35,0,20,False
35,0,25,False
35,0,30,False
35,0,35,False
35,5,-35,False
35,5,-30,False
35,5,-25,False
35,5,-20,False
35,5,-15,False
35,5,-10,False
35,5,-5,False
35,5,0,False
35,5,5,False
35,5,10,False
35,5,15,False
35,5,20,False
35,5,25,False
35,5,30,False
35,5,35,False
35,10,-35,False
35,10,-30,False
35,10,-25,False
35,10,-20,False
35,10,-15,False
35,10,-10,False
35,10,-5,False
35,10,0,False
35,10,5,False
35,10,10,False
35,10,15,False
35,10,20,False
35,10,25,False
35,10,30,False
35,10,35,False
35,15,-35,False
35,15,-30,False
35,15,-25,False
35,15,-20,False
35,15,-15,False
35,15,-10,False
35,15,-5,False
35,15,0,False
35,15,5,False
35,15,10,False
35,15,15,False
35,15,20,False
35,15,25,False
35,15,30,False
35,15,35,False
35,20,-35,False
35,20,-30,False
35,20,-25,False
35,20,-20,False
35,20,-15,False
35,20,-10,False
35,20,-5,False
35,20,0,False
35,20,5,False
35,20,10,False
35,20,15,False
35,20,20,False
35,20,25,False
35,20,30,False
35,20,35,False
35,25,-35,False
35,25,-30,False
35,25,-25,False
35,25,-20,False
35,25,-15,False
35,25,-10,False
35,25,-5,False
35,25,0,False
35,25,5,False
35,25,10,False
35,25,15,False
35,25,20,False
35,25,25,False
35,25,30,False
35,25,35,False
35,30,-35,False
35,30,-30,False
35,30,-25,False
35,30,-20,False
35,30,-15,False
35,30,-10,False
35,30,-5,False
35,30,0,False
35,30,5,False
35,30,10,False
35,30,15,False
35,30,20,False
35,30,25,False
35,30,30,True
35,30,35,True
35,35,-35,False
35,35,-30,False
35,35,-25,False
35,35,-20,False
35,35,-15,False
35,35,-10,False
35,35,-5,False
35,35,0,False
35,35,5,False
35,35,10,False
35,35,15,False
35,35,20,False
35,35,25,False
35,35,30,True
35,35,35,True